,drugs,twitter,musical_instruments,instant_video,lidl,luxury_beauty,ikea_reviews,reddit,office_products,automotive,hotel,patio_lawn_garden
RF,880.04869556427,125.00735998153687,176.74311208724976,730.914412021637,264.1496708393097,611.0661752223969,122.24540591239929,197.90301847457886,1198.608413696289,293.9082410335541,159.08745098114014,319.97899866104126
ComplementNB,10.10558819770813,0.8519363403320312,2.1748757362365723,7.883801460266113,1.6948516368865967,6.780089616775513,0.6928644180297852,1.3685989379882812,17.534998416900635,5.123377323150635,1.4624149799346924,4.545320749282837
Decision Tree,241.411954164505,21.497462034225464,46.93049097061157,195.75234484672546,46.26797533035278,150.0110960006714,16.561054229736328,34.25000977516174,389.5512316226959,90.58149528503418,34.79415583610535,97.10490870475769
LR,2041.393538236618,60.14369559288025,190.9322052001953,1177.1875929832458,311.0737907886505,614.8274817466736,61.5999059677124,170.36107897758484,2276.9368715286255,386.11093735694885,120.3800938129425,430.759304523468
MultinomialNB,9.757237672805786,0.9022314548492432,2.2651941776275635,7.96331787109375,1.595834732055664,6.495334625244141,0.6823203563690186,1.3606395721435547,17.227993488311768,5.115803956985474,1.443359136581421,4.72423529624939
SVM,228744.98798847198,,,,,,,,,16120.230561733246,,
