,instant_video,twitter,automotive,luxury_beauty,patio_lawn_garden,musical_instruments,reddit,office_products,ikea_reviews,hotel,drugs,lidl
RF,730.914412021637,125.00735998153687,293.9082410335541,611.0661752223969,319.97899866104126,176.74311208724976,197.90301847457886,1198.608413696289,122.24540591239929,159.08745098114014,880.04869556427,264.1496708393097
ComplementNB,60.922600746154785,14.14267897605896,32.65757489204407,47.010765075683594,35.850027322769165,22.247188329696655,16.661828756332397,118.11024785041809,12.84289836883545,18.143954038619995,69.74074029922485,19.747474193572998
Decision Tree,195.75234484672546,21.497462034225464,90.58149528503418,150.0110960006714,97.10490870475769,46.93049097061157,34.25000977516174,389.5512316226959,16.561054229736328,34.79415583610535,241.411954164505,46.26797533035278
LR,1177.1875929832458,60.14369559288025,386.11093735694885,614.8274817466736,430.759304523468,190.9322052001953,170.36107897758484,2276.9368715286255,61.5999059677124,120.3800938129425,2041.393538236618,311.0737907886505
MultinomialNB,7.96331787109375,0.9022314548492432,5.115803956985474,6.495334625244141,4.72423529624939,2.2651941776275635,1.3606395721435547,17.227993488311768,0.6823203563690186,1.443359136581421,9.757237672805786,1.595834732055664
SVM,50211.97952365875,,16120.230561733246,43334.6003139019,,3974.2492241859436,,,4361.065144777298,7319.8973960876465,228744.98798847198,84303.21725845337
