,ACC,F1,PREC,REC,walltime,mean_time
RF,59.41,46.82,53.99,59.41,5079.660954475403,423.3050795396169
ComplementNB,61.42,59.44,59.03,61.42,59.07081985473633,4.922568321228027
Decision Tree,54.16,52.66,51.61,54.16,1364.7141788005829,113.72618156671524
LR,64.69,63.02,62.14,64.69,7841.706496715546,653.4755413929621
MultinomialNB,62.81,57.04,57.5,62.81,59.53350234031677,4.961125195026398
SVM,64.4,63.18,62.22,64.4,13682.714871406555,13682.714871406555
