,musical_instruments,office_products,ikea_reviews,automotive,drugs,twitter,luxury_beauty,patio_lawn_garden,hotel,lidl,instant_video,reddit
RF,176.74311208724976,1198.608413696289,122.24540591239929,293.9082410335541,880.04869556427,125.00735998153687,611.0661752223969,319.97899866104126,159.08745098114014,264.1496708393097,730.914412021637,197.90301847457886
ComplementNB,2.1748757362365723,17.534998416900635,0.6928644180297852,3.9754793643951416,10.10558819770813,0.8519363403320312,6.780089616775513,4.545320749282837,1.4624149799346924,1.6948516368865967,7.883801460266113,1.3685989379882812
Decision Tree,46.93049097061157,389.5512316226959,16.561054229736328,90.58149528503418,241.411954164505,21.497462034225464,150.0110960006714,97.10490870475769,34.79415583610535,46.26797533035278,195.75234484672546,34.25000977516174
LR,190.9322052001953,2276.9368715286255,61.5999059677124,386.11093735694885,2041.393538236618,60.14369559288025,614.8274817466736,430.759304523468,120.3800938129425,311.0737907886505,1177.1875929832458,170.36107897758484
MultinomialNB,2.2651941776275635,17.227993488311768,0.6823203563690186,5.115803956985474,9.757237672805786,0.9022314548492432,6.495334625244141,4.72423529624939,1.443359136581421,1.595834732055664,7.96331787109375,1.3606395721435547
SVM,,,,13682.714871406555,,,,,,,,
