,reddit,patio_lawn_garden,twitter,lidl,automotive,ikea_reviews,luxury_beauty,instant_video,musical_instruments,office_products,hotel,drugs
ComplementNB,1.3685989379882812,4.545320749282837,0.8519363403320312,1.6948516368865967,5.123377323150635,0.6928644180297852,6.780089616775513,7.883801460266113,2.1748757362365723,17.534998416900635,1.4624149799346924,10.10558819770813
Decision Tree,34.25000977516174,97.10490870475769,21.497462034225464,46.26797533035278,90.58149528503418,16.561054229736328,150.0110960006714,195.75234484672546,46.93049097061157,389.5512316226959,34.79415583610535,241.411954164505
LR,170.36107897758484,430.759304523468,60.14369559288025,311.0737907886505,386.11093735694885,61.5999059677124,614.8274817466736,1177.1875929832458,190.9322052001953,2276.9368715286255,120.3800938129425,2041.393538236618
MultinomialNB,1.3606395721435547,4.72423529624939,0.9022314548492432,1.595834732055664,5.115803956985474,0.6823203563690186,6.495334625244141,7.96331787109375,2.2651941776275635,17.227993488311768,1.443359136581421,9.757237672805786
RF,197.90301847457886,319.97899866104126,125.00735998153687,264.1496708393097,293.9082410335541,122.24540591239929,611.0661752223969,730.914412021637,176.74311208724976,1198.608413696289,159.08745098114014,880.04869556427
setfit,31.68623161315918,223.42371726036072,23.57607388496399,34.34165120124817,79.33475589752197,41.35797667503357,403.72338461875916,257.0964665412903,79.90693593025208,467.1691646575928,199.0017547607422,74.40118527412415
SVM,,,,84303.21725845337,16120.230561733246,4361.065144777298,43334.6003139019,50211.97952365875,3974.2492241859436,,7319.8973960876465,228744.98798847198
