,ACC,F1,PREC,REC,walltime,mean_time
ComplementNB,61.42,59.44,59.03,61.42,60.21871781349182,5.018226484457652
Decision Tree,54.16,52.66,51.61,54.16,1364.7141788005829,113.72618156671524
LR,64.69,63.02,62.14,64.69,7841.706496715546,653.4755413929621
MultinomialNB,62.81,57.04,57.5,62.81,59.53350234031677,4.961125195026398
RF,59.41,46.82,53.99,59.41,5079.660954475403,423.3050795396169
setfit,42.98,42.62,43.94,42.98,33497.24014234543,2791.4366785287857
SVM,64.62,62.42,61.68,64.62,438370.22741127014,54796.27842640877
